{
  "code": "DM",
  "iso3": "DMA",
  "name": {
    "en": "Dominica",
    "ar": "دومينيكا",
    "de": "Dominica",
    "es": "Dominica",
    "fr": "Dominique",
    "hi": "डोमिनिका",
    "it": "Dominica",
    "ja": "ドミニカ国",
    "ko": "도미니카 연방",
    "nl": "Dominica",
    "pl": "Dominika",
    "pt": "Dominica",
    "pt-BR": "Dominica",
    "ru": "Доминика",
    "tr": "Dominika",
    "uk": "Домініка",
    "zh": "多米尼加"
  },
  "phone": "+1",
  "currency": "XCD",
  "timezone": "America/Dominica",
  "flag": "🇩🇲",
  "regions": [
    {
      "code": "DM-02",
      "name": {
        "en": "Saint Andrew"
      },
      "cities": [
        {
          "name": {
            "en": "Calibishie"
          },
          "latitude": 15.59297,
          "longitude": -61.34901
        },
        {
          "name": {
            "en": "Marigot"
          },
          "latitude": 15.53886,
          "longitude": -61.28375
        },
        {
          "name": {
            "en": "Wesley"
          },
          "latitude": 15.56667,
          "longitude": -61.31667
        },
        {
          "name": {
            "en": "Woodford Hill"
          },
          "latitude": 15.58093,
          "longitude": -61.33149
        }
      ]
    },
    {
      "code": "DM-03",
      "name": {
        "en": "Saint David"
      },
      "cities": [
        {
          "name": {
            "en": "Castle Bruce"
          },
          "latitude": 15.44397,
          "longitude": -61.25723
        },
        {
          "name": {
            "en": "Rosalie"
          },
          "latitude": 15.36667,
          "longitude": -61.26667
        }
      ]
    },
    {
      "code": "DM-04",
      "name": {
        "en": "Saint George"
      },
      "cities": [
        {
          "name": {
            "en": "Roseau",
            "ar": "روسو"
          },
          "latitude": 15.30174,
          "longitude": -61.38808
        }
      ]
    },
    {
      "code": "DM-05",
      "name": {
        "en": "Saint John"
      },
      "cities": [
        {
          "name": {
            "en": "Portsmouth"
          },
          "latitude": 15.58333,
          "longitude": -61.46667
        }
      ]
    },
    {
      "code": "DM-06",
      "name": {
        "en": "Saint Joseph"
      },
      "cities": [
        {
          "name": {
            "en": "Saint Joseph"
          },
          "latitude": 15.4,
          "longitude": -61.43333
        },
        {
          "name": {
            "en": "Salisbury"
          },
          "latitude": 15.43689,
          "longitude": -61.43637
        }
      ]
    },
    {
      "code": "DM-07",
      "name": {
        "en": "Saint Luke"
      },
      "cities": [
        {
          "name": {
            "en": "Pointe Michel"
          },
          "latitude": 15.25976,
          "longitude": -61.37452
        }
      ]
    },
    {
      "code": "DM-08",
      "name": {
        "en": "Saint Mark"
      },
      "cities": [
        {
          "name": {
            "en": "Soufrière"
          },
          "latitude": 15.23374,
          "longitude": -61.35881
        }
      ]
    },
    {
      "code": "DM-09",
      "name": {
        "en": "Saint Patrick"
      },
      "cities": [
        {
          "name": {
            "en": "Berekua"
          },
          "latitude": 15.23333,
          "longitude": -61.31667
        },
        {
          "name": {
            "en": "La Plaine"
          },
          "latitude": 15.32768,
          "longitude": -61.24753
        }
      ]
    },
    {
      "code": "DM-10",
      "name": {
        "en": "Saint Paul"
      },
      "cities": [
        {
          "name": {
            "en": "Mahaut"
          },
          "latitude": 15.36357,
          "longitude": -61.39701
        },
        {
          "name": {
            "en": "Pont Cassé"
          },
          "latitude": 15.36667,
          "longitude": -61.35
        }
      ]
    },
    {
      "code": "DM-11",
      "name": {
        "en": "Saint Peter"
      },
      "cities": [
        {
          "name": {
            "en": "Colihaut"
          },
          "latitude": 15.48478,
          "longitude": -61.46215
        }
      ]
    }
  ]
}
