{
  "code": "NI",
  "iso3": "NIC",
  "name": {
    "en": "Nicaragua",
    "ar": "نيكاراغوا",
    "de": "Nicaragua",
    "es": "Nicaragua",
    "fr": "Nicaragua",
    "hi": "निकारागुआ",
    "it": "Nicaragua",
    "ja": "ニカラグア",
    "ko": "니카라과",
    "nl": "Nicaragua",
    "pl": "Nikaragua",
    "pt": "Nicarágua",
    "pt-BR": "Nicarágua",
    "ru": "Никарагуа",
    "tr": "Nikaragua",
    "uk": "Нікарагуа",
    "zh": "尼加拉瓜"
  },
  "phone": "+505",
  "currency": "NIO",
  "timezone": "America/Managua",
  "flag": "🇳🇮",
  "regions": [
    {
      "code": "NI-BO",
      "name": {
        "en": "Boaco"
      },
      "cities": [
        {
          "name": {
            "en": "Boaco"
          },
          "latitude": 12.47224,
          "longitude": -85.6586
        },
        {
          "name": {
            "en": "Camoapa"
          },
          "latitude": 12.38383,
          "longitude": -85.51277
        },
        {
          "name": {
            "en": "San José de los Remates"
          },
          "latitude": 12.5975,
          "longitude": -85.76174
        },
        {
          "name": {
            "en": "San Lorenzo"
          },
          "latitude": 12.3783,
          "longitude": -85.66646
        },
        {
          "name": {
            "en": "Santa Lucía"
          },
          "latitude": 12.53262,
          "longitude": -85.71074
        },
        {
          "name": {
            "en": "Teustepe"
          },
          "latitude": 12.4203,
          "longitude": -85.79798
        }
      ]
    },
    {
      "code": "NI-CA",
      "name": {
        "en": "Carazo"
      },
      "cities": [
        {
          "name": {
            "en": "Diriamba"
          },
          "latitude": 11.85812,
          "longitude": -86.23922
        },
        {
          "name": {
            "en": "Dolores"
          },
          "latitude": 11.85672,
          "longitude": -86.21552
        },
        {
          "name": {
            "en": "El Rosario"
          },
          "latitude": 11.77756,
          "longitude": -86.37374
        },
        {
          "name": {
            "en": "Jinotepe"
          },
          "latitude": 11.84962,
          "longitude": -86.19903
        },
        {
          "name": {
            "en": "La Conquista"
          },
          "latitude": 11.73426,
          "longitude": -86.19279
        },
        {
          "name": {
            "en": "La Paz de Carazo"
          },
          "latitude": 11.82311,
          "longitude": -86.12781
        },
        {
          "name": {
            "en": "Municipio de San Marcos"
          },
          "latitude": 11.91784,
          "longitude": -86.27474
        },
        {
          "name": {
            "en": "San Marcos"
          },
          "latitude": 11.90949,
          "longitude": -86.20351
        },
        {
          "name": {
            "en": "Santa Teresa"
          },
          "latitude": 11.74321,
          "longitude": -86.21413
        }
      ]
    },
    {
      "code": "NI-CI",
      "name": {
        "en": "Chinandega"
      },
      "cities": [
        {
          "name": {
            "en": "Chichigalpa"
          },
          "latitude": 12.57758,
          "longitude": -87.02705
        },
        {
          "name": {
            "en": "Chinandega"
          },
          "latitude": 12.62937,
          "longitude": -87.13105
        },
        {
          "name": {
            "en": "Cinco Pinos"
          },
          "latitude": 13.22956,
          "longitude": -86.86808
        },
        {
          "name": {
            "en": "Corinto"
          },
          "latitude": 12.4825,
          "longitude": -87.17304
        },
        {
          "name": {
            "en": "El Realejo"
          },
          "latitude": 12.54333,
          "longitude": -87.16517
        },
        {
          "name": {
            "en": "El Viejo"
          },
          "latitude": 12.66348,
          "longitude": -87.16663
        },
        {
          "name": {
            "en": "Jiquilillo"
          },
          "latitude": 12.74593,
          "longitude": -87.4516
        },
        {
          "name": {
            "en": "Municipio de San Francisco del Norte"
          },
          "latitude": 13.21187,
          "longitude": -86.77107
        },
        {
          "name": {
            "en": "Posoltega"
          },
          "latitude": 12.54422,
          "longitude": -86.97982
        },
        {
          "name": {
            "en": "Puerto Morazán"
          },
          "latitude": 12.85042,
          "longitude": -87.17167
        },
        {
          "name": {
            "en": "Santo Tomás del Norte"
          },
          "latitude": 13.1861,
          "longitude": -86.92267
        },
        {
          "name": {
            "en": "Somotillo"
          },
          "latitude": 13.04387,
          "longitude": -86.90506
        }
      ]
    },
    {
      "code": "NI-CO",
      "name": {
        "en": "Chontales"
      },
      "cities": [
        {
          "name": {
            "en": "Acoyapa"
          },
          "latitude": 11.97028,
          "longitude": -85.17113
        },
        {
          "name": {
            "en": "Comalapa"
          },
          "latitude": 12.28345,
          "longitude": -85.51081
        },
        {
          "name": {
            "en": "Cuapa"
          },
          "latitude": 12.26875,
          "longitude": -85.38205
        },
        {
          "name": {
            "en": "El Ayote"
          },
          "latitude": 12.19046,
          "longitude": -85.28737
        },
        {
          "name": {
            "en": "Juigalpa"
          },
          "latitude": 12.10629,
          "longitude": -85.36452
        },
        {
          "name": {
            "en": "La Libertad"
          },
          "latitude": 12.21635,
          "longitude": -85.16595
        },
        {
          "name": {
            "en": "Santo Domingo"
          },
          "latitude": 12.26438,
          "longitude": -85.08235
        },
        {
          "name": {
            "en": "Santo Tomás"
          },
          "latitude": 12.06938,
          "longitude": -85.09059
        },
        {
          "name": {
            "en": "Villa Sandino"
          },
          "latitude": 12.0483,
          "longitude": -84.99362
        }
      ]
    },
    {
      "code": "NI-ES",
      "name": {
        "en": "Estelí"
      },
      "cities": [
        {
          "name": {
            "en": "Condega"
          },
          "latitude": 13.36502,
          "longitude": -86.39846
        },
        {
          "name": {
            "en": "Estelí"
          },
          "latitude": 13.09185,
          "longitude": -86.35384
        },
        {
          "name": {
            "en": "La Trinidad"
          },
          "latitude": 12.96881,
          "longitude": -86.23534
        },
        {
          "name": {
            "en": "Pueblo Nuevo"
          },
          "latitude": 13.37984,
          "longitude": -86.48075
        },
        {
          "name": {
            "en": "San Juan de Limay"
          },
          "latitude": 13.17603,
          "longitude": -86.61234
        }
      ]
    },
    {
      "code": "NI-GR",
      "name": {
        "en": "Granada"
      },
      "cities": [
        {
          "name": {
            "en": "Diriá"
          },
          "latitude": 11.8842,
          "longitude": -86.05508
        },
        {
          "name": {
            "en": "Diriomo"
          },
          "latitude": 11.87631,
          "longitude": -86.05184
        },
        {
          "name": {
            "en": "Granada"
          },
          "latitude": 11.92988,
          "longitude": -85.95602
        },
        {
          "name": {
            "en": "Nandaime"
          },
          "latitude": 11.75696,
          "longitude": -86.05286
        }
      ]
    },
    {
      "code": "NI-JI",
      "name": {
        "en": "Jinotega"
      },
      "cities": [
        {
          "name": {
            "en": "El Cuá"
          },
          "latitude": 13.41667,
          "longitude": -85.75
        },
        {
          "name": {
            "en": "Jinotega"
          },
          "latitude": 13.09103,
          "longitude": -86.00234
        },
        {
          "name": {
            "en": "La Concordia"
          },
          "latitude": 13.19528,
          "longitude": -86.16659
        },
        {
          "name": {
            "en": "Las Praderas"
          },
          "latitude": 13.17,
          "longitude": -85.85
        },
        {
          "name": {
            "en": "LLano de La Cruz"
          },
          "latitude": 13.12449,
          "longitude": -86.00833
        },
        {
          "name": {
            "en": "San José de Bocay"
          },
          "latitude": 13.54204,
          "longitude": -85.53942
        },
        {
          "name": {
            "en": "San Rafael del Norte"
          },
          "latitude": 13.21248,
          "longitude": -86.11089
        },
        {
          "name": {
            "en": "San Sebastián de Yalí"
          },
          "latitude": 13.3054,
          "longitude": -86.18641
        }
      ]
    },
    {
      "code": "NI-LE",
      "name": {
        "en": "León"
      },
      "cities": [
        {
          "name": {
            "en": "Achuapa"
          },
          "latitude": 13.0537,
          "longitude": -86.59004
        },
        {
          "name": {
            "en": "El Jicaral"
          },
          "latitude": 12.72676,
          "longitude": -86.38057
        },
        {
          "name": {
            "en": "El Sauce"
          },
          "latitude": 12.88687,
          "longitude": -86.53903
        },
        {
          "name": {
            "en": "La Paz Centro"
          },
          "latitude": 12.34,
          "longitude": -86.67528
        },
        {
          "name": {
            "en": "Larreynaga"
          },
          "latitude": 12.67692,
          "longitude": -86.57193
        },
        {
          "name": {
            "en": "León"
          },
          "latitude": 12.43787,
          "longitude": -86.87804
        },
        {
          "name": {
            "en": "Nagarote"
          },
          "latitude": 12.26593,
          "longitude": -86.56474
        },
        {
          "name": {
            "en": "Quezalguaque"
          },
          "latitude": 12.50683,
          "longitude": -86.90292
        },
        {
          "name": {
            "en": "Santa Rosa del Peñón"
          },
          "latitude": 12.80116,
          "longitude": -86.36994
        },
        {
          "name": {
            "en": "Telica"
          },
          "latitude": 12.522,
          "longitude": -86.85938
        }
      ]
    },
    {
      "code": "NI-MD",
      "name": {
        "en": "Madriz"
      },
      "cities": [
        {
          "name": {
            "en": "Las Sabanas"
          },
          "latitude": 13.34302,
          "longitude": -86.62184
        },
        {
          "name": {
            "en": "Palacagüina"
          },
          "latitude": 13.45566,
          "longitude": -86.40622
        },
        {
          "name": {
            "en": "San José de Cusmapa"
          },
          "latitude": 13.28841,
          "longitude": -86.65539
        },
        {
          "name": {
            "en": "San Juan de Río Coco"
          },
          "latitude": 13.54476,
          "longitude": -86.16499
        },
        {
          "name": {
            "en": "San Lucas"
          },
          "latitude": 13.4138,
          "longitude": -86.6111
        },
        {
          "name": {
            "en": "Somoto"
          },
          "latitude": 13.48082,
          "longitude": -86.58208
        },
        {
          "name": {
            "en": "Telpaneca"
          },
          "latitude": 13.53151,
          "longitude": -86.2871
        },
        {
          "name": {
            "en": "Totogalpa"
          },
          "latitude": 13.56284,
          "longitude": -86.49254
        },
        {
          "name": {
            "en": "Yalagüina"
          },
          "latitude": 13.48383,
          "longitude": -86.49305
        }
      ]
    },
    {
      "code": "NI-MN",
      "name": {
        "en": "Managua"
      },
      "cities": [
        {
          "name": {
            "en": "Ciudad Sandino"
          },
          "latitude": 12.15889,
          "longitude": -86.34417
        },
        {
          "name": {
            "en": "El Crucero"
          },
          "latitude": 11.99008,
          "longitude": -86.30954
        },
        {
          "name": {
            "en": "Managua",
            "ar": "ماناغوا"
          },
          "latitude": 12.13282,
          "longitude": -86.2504
        },
        {
          "name": {
            "en": "Masachapa"
          },
          "latitude": 11.78687,
          "longitude": -86.51416
        },
        {
          "name": {
            "en": "San Rafael del Sur"
          },
          "latitude": 11.84854,
          "longitude": -86.43839
        },
        {
          "name": {
            "en": "Ticuantepe"
          },
          "latitude": 12.02263,
          "longitude": -86.20493
        },
        {
          "name": {
            "en": "Tipitapa"
          },
          "latitude": 12.19732,
          "longitude": -86.09706
        },
        {
          "name": {
            "en": "Valle San Francisco"
          },
          "latitude": 12.51667,
          "longitude": -86.28333
        },
        {
          "name": {
            "en": "Villa El Carmen"
          },
          "latitude": 11.98009,
          "longitude": -86.50571
        }
      ]
    },
    {
      "code": "NI-MS",
      "name": {
        "en": "Masaya"
      },
      "cities": [
        {
          "name": {
            "en": "Catarina"
          },
          "latitude": 11.91197,
          "longitude": -86.07383
        },
        {
          "name": {
            "en": "La Concepción"
          },
          "latitude": 11.93711,
          "longitude": -86.18976
        },
        {
          "name": {
            "en": "Masatepe"
          },
          "latitude": 11.91445,
          "longitude": -86.14458
        },
        {
          "name": {
            "en": "Masaya"
          },
          "latitude": 11.97444,
          "longitude": -86.09417
        },
        {
          "name": {
            "en": "Municipio de Masatepe"
          },
          "latitude": 11.90567,
          "longitude": -86.14946
        },
        {
          "name": {
            "en": "Municipio de Nandasmo"
          },
          "latitude": 11.93333,
          "longitude": -86.11667
        },
        {
          "name": {
            "en": "Municipio de Niquinohomo"
          },
          "latitude": 11.88228,
          "longitude": -86.10035
        },
        {
          "name": {
            "en": "Municipio de San Juan de Oriente"
          },
          "latitude": 11.90517,
          "longitude": -86.0746
        },
        {
          "name": {
            "en": "Nandasmo"
          },
          "latitude": 11.92411,
          "longitude": -86.12072
        },
        {
          "name": {
            "en": "Nindirí"
          },
          "latitude": 12.00386,
          "longitude": -86.12128
        },
        {
          "name": {
            "en": "Niquinohomo"
          },
          "latitude": 11.90518,
          "longitude": -86.09446
        },
        {
          "name": {
            "en": "San Juan de Oriente"
          },
          "latitude": 11.90624,
          "longitude": -86.07343
        },
        {
          "name": {
            "en": "Tisma"
          },
          "latitude": 12.08194,
          "longitude": -86.01739
        }
      ]
    },
    {
      "code": "NI-MT",
      "name": {
        "en": "Matagalpa"
      },
      "cities": [
        {
          "name": {
            "en": "Ciudad Darío"
          },
          "latitude": 12.73143,
          "longitude": -86.12402
        },
        {
          "name": {
            "en": "Matagalpa"
          },
          "latitude": 12.92559,
          "longitude": -85.91747
        },
        {
          "name": {
            "en": "Matiguás"
          },
          "latitude": 12.83734,
          "longitude": -85.46218
        },
        {
          "name": {
            "en": "Muy Muy"
          },
          "latitude": 12.76224,
          "longitude": -85.62915
        },
        {
          "name": {
            "en": "Río Blanco"
          },
          "latitude": 12.93435,
          "longitude": -85.22354
        },
        {
          "name": {
            "en": "San Dionisio"
          },
          "latitude": 12.76023,
          "longitude": -85.85018
        },
        {
          "name": {
            "en": "San Ramón"
          },
          "latitude": 12.92344,
          "longitude": -85.83898
        },
        {
          "name": {
            "en": "Terrabona"
          },
          "latitude": 12.73028,
          "longitude": -85.96474
        }
      ]
    },
    {
      "code": "NI-AN",
      "name": {
        "en": "North Caribbean Coast"
      },
      "cities": [
        {
          "name": {
            "en": "Bonanza"
          },
          "latitude": 14.02885,
          "longitude": -84.59103
        },
        {
          "name": {
            "en": "Prinzapolka"
          },
          "latitude": 13.40708,
          "longitude": -83.56452
        },
        {
          "name": {
            "en": "Puerto Cabezas"
          },
          "latitude": 14.03507,
          "longitude": -83.38882
        },
        {
          "name": {
            "en": "Siuna"
          },
          "latitude": 13.73321,
          "longitude": -84.77725
        },
        {
          "name": {
            "en": "Waslala"
          },
          "latitude": 13.23333,
          "longitude": -85.38333
        },
        {
          "name": {
            "en": "Waspán"
          },
          "latitude": 14.74189,
          "longitude": -83.9717
        }
      ]
    },
    {
      "code": "NI-NS",
      "name": {
        "en": "Nueva Segovia"
      },
      "cities": [
        {
          "name": {
            "en": "Ciudad Antigua"
          },
          "latitude": 13.6392903,
          "longitude": -86.3118983
        },
        {
          "name": {
            "en": "Dipilto"
          },
          "latitude": 13.7222552,
          "longitude": -86.5136606
        },
        {
          "name": {
            "en": "El Jícaro"
          },
          "latitude": 13.7222248,
          "longitude": -86.1411542
        },
        {
          "name": {
            "en": "Jalapa"
          },
          "latitude": 13.9207142,
          "longitude": -86.1421233
        },
        {
          "name": {
            "en": "Macuelizo"
          },
          "latitude": 13.6519296,
          "longitude": -86.6142717
        },
        {
          "name": {
            "en": "Mozonte"
          },
          "latitude": 13.6595684,
          "longitude": -86.4453649
        },
        {
          "name": {
            "en": "Murra"
          },
          "latitude": 13.7592755,
          "longitude": -86.0219684
        },
        {
          "name": {
            "en": "Ocotal"
          },
          "latitude": 13.6341138,
          "longitude": -86.5010747
        },
        {
          "name": {
            "en": "Quilalí"
          },
          "latitude": 13.5649108,
          "longitude": -86.0292148
        },
        {
          "name": {
            "en": "San Fernando"
          },
          "latitude": 13.6787343,
          "longitude": -86.3207975
        },
        {
          "name": {
            "en": "Santa María"
          },
          "latitude": 13.7466548,
          "longitude": -86.7112407
        },
        {
          "name": {
            "en": "Wiwilí"
          },
          "latitude": 13.6207645,
          "longitude": -85.831697
        }
      ]
    },
    {
      "code": "NI-SJ",
      "name": {
        "en": "Río San Juan"
      },
      "cities": [
        {
          "name": {
            "en": "El Almendro"
          },
          "latitude": 11.67859,
          "longitude": -84.70269
        },
        {
          "name": {
            "en": "Greytown"
          },
          "latitude": 10.94684,
          "longitude": -83.73467
        },
        {
          "name": {
            "en": "Morrito"
          },
          "latitude": 11.62118,
          "longitude": -85.08052
        },
        {
          "name": {
            "en": "San Carlos"
          },
          "latitude": 11.1236,
          "longitude": -84.77795
        },
        {
          "name": {
            "en": "San Miguelito"
          },
          "latitude": 11.40255,
          "longitude": -84.89991
        }
      ]
    },
    {
      "code": "NI-RI",
      "name": {
        "en": "Rivas"
      },
      "cities": [
        {
          "name": {
            "en": "Altagracia"
          },
          "latitude": 11.56615,
          "longitude": -85.5784
        },
        {
          "name": {
            "en": "Belén"
          },
          "latitude": 11.50299,
          "longitude": -85.88935
        },
        {
          "name": {
            "en": "Buenos Aires"
          },
          "latitude": 11.46916,
          "longitude": -85.81661
        },
        {
          "name": {
            "en": "Cárdenas"
          },
          "latitude": 11.19639,
          "longitude": -85.5089
        },
        {
          "name": {
            "en": "Moyogalpa"
          },
          "latitude": 11.54006,
          "longitude": -85.69795
        },
        {
          "name": {
            "en": "Municipio de Altagracia"
          },
          "latitude": 11.47983,
          "longitude": -85.54166
        },
        {
          "name": {
            "en": "Municipio de Belén"
          },
          "latitude": 11.57193,
          "longitude": -85.96316
        },
        {
          "name": {
            "en": "Municipio de Buenos Aires"
          },
          "latitude": 11.5176,
          "longitude": -85.78333
        },
        {
          "name": {
            "en": "Municipio de Cárdenas"
          },
          "latitude": 11.14912,
          "longitude": -85.42323
        },
        {
          "name": {
            "en": "Municipio de Moyogalpa"
          },
          "latitude": 11.52632,
          "longitude": -85.67329
        },
        {
          "name": {
            "en": "Municipio de Potosí"
          },
          "latitude": 11.57854,
          "longitude": -85.87764
        },
        {
          "name": {
            "en": "Municipio de Rivas"
          },
          "latitude": 11.43931,
          "longitude": -85.827
        },
        {
          "name": {
            "en": "Municipio de San Jorge"
          },
          "latitude": 11.42703,
          "longitude": -85.78904
        },
        {
          "name": {
            "en": "Municipio de San Juan del Sur"
          },
          "latitude": 11.22368,
          "longitude": -85.78289
        },
        {
          "name": {
            "en": "Municipio de Tola"
          },
          "latitude": 11.46009,
          "longitude": -86.00789
        },
        {
          "name": {
            "en": "Potosí"
          },
          "latitude": 11.49416,
          "longitude": -85.8568
        },
        {
          "name": {
            "en": "Rivas"
          },
          "latitude": 11.43716,
          "longitude": -85.82632
        },
        {
          "name": {
            "en": "San Jorge"
          },
          "latitude": 11.45584,
          "longitude": -85.80308
        },
        {
          "name": {
            "en": "San Juan del Sur"
          },
          "latitude": 11.25292,
          "longitude": -85.87049
        },
        {
          "name": {
            "en": "Tola"
          },
          "latitude": 11.43927,
          "longitude": -85.93891
        }
      ]
    },
    {
      "code": "NI-AS",
      "name": {
        "en": "South Caribbean Coast"
      },
      "cities": [
        {
          "name": {
            "en": "Bluefields",
            "ar": "بلوفيلدز، نيكاراغوا"
          },
          "latitude": 12.01366,
          "longitude": -83.76353
        },
        {
          "name": {
            "en": "Bocana de Paiwas"
          },
          "latitude": 12.78571,
          "longitude": -85.12269
        },
        {
          "name": {
            "en": "Corn Island"
          },
          "latitude": 12.17575,
          "longitude": -83.06145
        },
        {
          "name": {
            "en": "El Rama"
          },
          "latitude": 12.15965,
          "longitude": -84.21952
        },
        {
          "name": {
            "en": "El Tortuguero"
          },
          "latitude": 12.82247,
          "longitude": -84.19629
        },
        {
          "name": {
            "en": "Kukrahill"
          },
          "latitude": 12.24096,
          "longitude": -83.74517
        },
        {
          "name": {
            "en": "La Cruz de Río Grande"
          },
          "latitude": 13.1129,
          "longitude": -84.18588
        },
        {
          "name": {
            "en": "Laguna de Perlas"
          },
          "latitude": 12.34294,
          "longitude": -83.67123
        },
        {
          "name": {
            "en": "Muelle de los Bueyes"
          },
          "latitude": 12.06999,
          "longitude": -84.53503
        },
        {
          "name": {
            "en": "Nueva Guinea"
          },
          "latitude": 11.68758,
          "longitude": -84.45616
        }
      ]
    }
  ]
}
