{
  "code": "TL",
  "iso3": "TLS",
  "name": {
    "en": "Timor-Leste",
    "ar": "تيمور قراءة",
    "de": "Timor-Leste",
    "es": "Timor Oriental",
    "fr": "Timor oriental",
    "hi": "तिमोर-लेस्ते",
    "it": "Timor Est",
    "ja": "東ティモール",
    "ko": "동티모르",
    "nl": "Oost-Timor",
    "pl": "Timor Wschodni",
    "pt": "Timor Leste",
    "pt-BR": "Timor Leste",
    "ru": "Тимор-Лешти",
    "tr": "Doğu Timor",
    "uk": "Тимор-Лешті",
    "zh": "东帝汶"
  },
  "phone": "+670",
  "currency": "USD",
  "timezone": "Asia/Dili",
  "flag": "🇹🇱",
  "regions": [
    {
      "code": "TL-AL",
      "name": {
        "en": "Aileu"
      },
      "cities": [
        {
          "name": {
            "en": "Aileu"
          },
          "latitude": -8.72806,
          "longitude": 125.56639
        },
        {
          "name": {
            "en": "Lequidoe"
          },
          "latitude": -8.69139,
          "longitude": 125.63611
        },
        {
          "name": {
            "en": "Remexio"
          },
          "latitude": -8.61667,
          "longitude": 125.66667
        }
      ]
    },
    {
      "code": "TL-AN",
      "name": {
        "en": "Ainaro"
      },
      "cities": [
        {
          "name": {
            "en": "Ainaro"
          },
          "latitude": -8.99241,
          "longitude": 125.50816
        },
        {
          "name": {
            "en": "Hato-Udo"
          },
          "latitude": -9.12036,
          "longitude": 125.58935
        }
      ]
    },
    {
      "code": "TL-BA",
      "name": {
        "en": "Baucau"
      },
      "cities": [
        {
          "name": {
            "en": "Baguia"
          },
          "latitude": -8.62787,
          "longitude": 126.65743
        },
        {
          "name": {
            "en": "Baucau"
          },
          "latitude": -8.46667,
          "longitude": 126.45
        },
        {
          "name": {
            "en": "Baukau"
          },
          "latitude": -8.47572,
          "longitude": 126.45633
        },
        {
          "name": {
            "en": "Laga"
          },
          "latitude": -8.47411,
          "longitude": 126.59228
        },
        {
          "name": {
            "en": "Quelicai"
          },
          "latitude": -8.60135,
          "longitude": 126.55904
        },
        {
          "name": {
            "en": "Vemasse"
          },
          "latitude": -8.51036,
          "longitude": 126.20823
        },
        {
          "name": {
            "en": "Venilale"
          },
          "latitude": -8.64306,
          "longitude": 126.37833
        }
      ]
    },
    {
      "code": "TL-BO",
      "name": {
        "en": "Bobonaro"
      },
      "cities": [
        {
          "name": {
            "en": "Maliana"
          },
          "latitude": -8.99167,
          "longitude": 125.21972
        }
      ]
    },
    {
      "code": "TL-CO",
      "name": {
        "en": "Cova Lima"
      },
      "cities": [
        {
          "name": {
            "en": "Fatumean"
          },
          "latitude": -9.22917,
          "longitude": 125.03583
        },
        {
          "name": {
            "en": "Fohorem"
          },
          "latitude": -9.28361,
          "longitude": 125.08944
        },
        {
          "name": {
            "en": "Maucatar"
          },
          "latitude": -9.21772,
          "longitude": 125.22981
        },
        {
          "name": {
            "en": "Suai"
          },
          "latitude": -9.3,
          "longitude": 125.25
        },
        {
          "name": {
            "en": "Tilomar"
          },
          "latitude": -9.34182,
          "longitude": 125.10887
        }
      ]
    },
    {
      "code": "TL-DI",
      "name": {
        "en": "Dili"
      },
      "cities": [
        {
          "name": {
            "en": "Atauro Island"
          },
          "latitude": -8.26785,
          "longitude": 125.59699
        },
        {
          "name": {
            "en": "Cristo Rei"
          },
          "latitude": -8.52047,
          "longitude": 125.60837
        },
        {
          "name": {
            "en": "Dili",
            "ar": "ديلي"
          },
          "latitude": -8.55861,
          "longitude": 125.57361
        },
        {
          "name": {
            "en": "Metinaro"
          },
          "latitude": -8.53007,
          "longitude": 125.74163
        }
      ]
    },
    {
      "code": "TL-ER",
      "name": {
        "en": "Ermera"
      },
      "cities": [
        {
          "name": {
            "en": "Ermera Villa"
          },
          "latitude": -8.75222,
          "longitude": 125.39694
        },
        {
          "name": {
            "en": "Gleno"
          },
          "latitude": -8.72389,
          "longitude": 125.43611
        },
        {
          "name": {
            "en": "Hatulia"
          },
          "latitude": -8.81667,
          "longitude": 125.31667
        },
        {
          "name": {
            "en": "Letefoho"
          },
          "latitude": -8.83444,
          "longitude": 125.42639
        },
        {
          "name": {
            "en": "Railaco"
          },
          "latitude": -8.67237,
          "longitude": 125.42546
        }
      ]
    },
    {
      "code": "TL-LA",
      "name": {
        "en": "Lautém"
      },
      "cities": [
        {
          "name": {
            "en": "Iliomar"
          },
          "latitude": -8.70917,
          "longitude": 126.82833
        },
        {
          "name": {
            "en": "Lautem"
          },
          "latitude": -8.36514,
          "longitude": 126.90389
        },
        {
          "name": {
            "en": "Lospalos"
          },
          "latitude": -8.52167,
          "longitude": 126.99833
        },
        {
          "name": {
            "en": "Luro"
          },
          "latitude": -8.54359,
          "longitude": 126.83003
        },
        {
          "name": {
            "en": "Tutuala"
          },
          "latitude": -8.39597,
          "longitude": 127.25923
        }
      ]
    },
    {
      "code": "TL-LI",
      "name": {
        "en": "Liquiçá"
      },
      "cities": [
        {
          "name": {
            "en": "Bazartete"
          },
          "latitude": -8.62464,
          "longitude": 125.38168
        },
        {
          "name": {
            "en": "Likisá"
          },
          "latitude": -8.5875,
          "longitude": 125.34194
        },
        {
          "name": {
            "en": "Maubara"
          },
          "latitude": -8.61194,
          "longitude": 125.20611
        }
      ]
    },
    {
      "code": "TL-MT",
      "name": {
        "en": "Manatuto"
      },
      "cities": [
        {
          "name": {
            "en": "Barique"
          },
          "latitude": -8.85472,
          "longitude": 126.06556
        },
        {
          "name": {
            "en": "Laclo"
          },
          "latitude": -8.55,
          "longitude": 125.91667
        },
        {
          "name": {
            "en": "Laclubar"
          },
          "latitude": -8.74975,
          "longitude": 125.91186
        },
        {
          "name": {
            "en": "Manatuto"
          },
          "latitude": -8.52207,
          "longitude": 126.01516
        },
        {
          "name": {
            "en": "Manatutu"
          },
          "latitude": -8.51139,
          "longitude": 126.01306
        },
        {
          "name": {
            "en": "Soibada"
          },
          "latitude": -8.86,
          "longitude": 125.94
        }
      ]
    },
    {
      "code": "TL-MF",
      "name": {
        "en": "Manufahi"
      },
      "cities": [
        {
          "name": {
            "en": "Alas"
          },
          "latitude": -9.0273,
          "longitude": 125.7868
        },
        {
          "name": {
            "en": "Fatuberliu"
          },
          "latitude": -8.9479,
          "longitude": 125.86633
        },
        {
          "name": {
            "en": "Same"
          },
          "latitude": -9,
          "longitude": 125.65
        },
        {
          "name": {
            "en": "Turiscai"
          },
          "latitude": -8.82371,
          "longitude": 125.70454
        }
      ]
    },
    {
      "code": "TL-OE",
      "name": {
        "en": "Oecusse"
      },
      "cities": [
        {
          "name": {
            "en": "Citrana"
          },
          "latitude": -9.33333333,
          "longitude": 124.08333333
        },
        {
          "name": {
            "en": "Nitibe"
          },
          "latitude": -9.35,
          "longitude": 124.23333333
        },
        {
          "name": {
            "en": "Oe Silo"
          },
          "latitude": -9.3,
          "longitude": 124.5
        },
        {
          "name": {
            "en": "Pante Macassar"
          },
          "latitude": -9.2,
          "longitude": 124.38333333
        },
        {
          "name": {
            "en": "Passabe"
          },
          "latitude": -9.36416667,
          "longitude": 124.34333333
        }
      ]
    },
    {
      "code": "TL-VI",
      "name": {
        "en": "Viqueque"
      },
      "cities": [
        {
          "name": {
            "en": "Lacluta"
          },
          "latitude": -8.8,
          "longitude": 126.13333
        },
        {
          "name": {
            "en": "Ossu"
          },
          "latitude": -8.73477,
          "longitude": 126.38324
        },
        {
          "name": {
            "en": "Uatocarabau"
          },
          "latitude": -8.75658,
          "longitude": 126.6806
        },
        {
          "name": {
            "en": "Uatolari"
          },
          "latitude": -8.76277,
          "longitude": 126.57353
        },
        {
          "name": {
            "en": "Viqueque"
          },
          "latitude": -8.85908,
          "longitude": 126.36972
        }
      ]
    }
  ]
}
